Month,Country,GrossSales,ReturnValue,NetSales,PurchasedUnits,ReturnedUnits,Orders
2009-12,Australia,271.1,220.85000000000002,50.25,160,107,2
2009-12,Austria,1998.3400000000001,0.0,1998.3400000000001,564,0,2
2009-12,Belgium,447.6,0.0,447.6,153,0,3
2009-12,Channel Islands,989.18,43.8,945.38,439,7,1
2009-12,Cyprus,3556.98,131.9,3425.08,1578,242,4
2009-12,Denmark,1437.66,53.2,1384.46,574,6,2
2009-12,EIRE,20099.74,971.8,19127.94,9414,52,20
2009-12,Finland,549.08,0.0,549.08,134,0,1
2009-12,France,6521.69,966.65,5555.04,3688,436,13
2009-12,Germany,10096.85,314.23,9782.62,4828,127,18
2009-12,Greece,610.95,0.0,610.95,441,0,1
2009-12,Italy,422.35,24.15,398.2,157,5,1
2009-12,Japan,0.0,208.75,-208.75,0,191,0
2009-12,Netherlands,15204.73,0.0,15204.73,10822,0,6
2009-12,Nigeria,0.0,147.05,-147.05,0,47,0
2009-12,Norway,485.31,0.0,485.31,182,0,1
2009-12,Poland,371.82,0.0,371.82,266,0,1
2009-12,Portugal,2821.58,0.0,2821.58,1575,0,2
2009-12,Spain,7950.18,31.35,7918.83,3279,3,5
2009-12,Sweden,285.29999999999995,25.5,259.79999999999995,174,30,1
2009-12,Switzerland,589.4,0.0,589.4,220,0,1
2009-12,USA,141.0,0.0,141.0,1,0,1
2009-12,United Arab Emirates,517.7,38.160000000000004,479.53999999999996,520,36,1
2009-12,United Kingdom,750317.22,22661.26,727655.96,387812,8729,1595
2010-01,Belgium,1634.02,9.95,1624.07,717,1,4
2010-01,Channel Islands,838.75,15.9,822.85,193,2,1
2010-01,Cyprus,76.52000000000001,0.0,76.52000000000001,32,0,1
2010-01,Denmark,7870.6,0.0,7870.6,63754,0,2
2010-01,EIRE,65258.43,5495.13,59763.3,30809,475,32
2010-01,Finland,801.42,142.65,658.77,263,2,2
2010-01,France,8465.63,116.62,8349.01,5313,55,12
2010-01,Germany,12562.11,660.9,11901.210000000001,6321,285,21
2010-01,Greece,4798.35,0.0,4798.35,1573,0,3
2010-01,Italy,39.67,0.0,39.67,1,0,1
2010-01,Japan,2.95,0.0,2.95,1,0,1
2010-01,Netherlands,29230.77,18.38,29212.39,20531,1,6
2010-01,Nigeria,27.82,0.0,27.82,1,0,1
2010-01,Portugal,117.72,13.13,104.59,1,1,1
2010-01,Spain,4181.24,1437.24,2744.0,1194,5,9
2010-01,Sweden,1680.15,40.0,1640.15,1537,1,3
2010-01,USA,2289.59,0.0,2289.59,1344,0,5
2010-01,United Kingdom,511797.662,20688.96,491108.702,257558,3051,998
2010-01,Unspecified,1035.1,36.75,998.35,382,1,2
2010-02,Australia,1029.66,0.0,1029.66,624,0,3
2010-02,Austria,1118.8600000000001,0.0,1118.8600000000001,480,0,3
2010-02,Bahrain,439.85,0.0,439.85,159,0,1
2010-02,Belgium,3209.0,1508.65,1700.35,704,1,3
2010-02,Cyprus,750.49,0.0,750.49,294,0,2
2010-02,Denmark,19809.899999999998,3630.7999999999997,16179.099999999999,93230,2504,2
2010-02,EIRE,21538.8,1029.55,20509.25,11631,17,18
2010-02,France,9024.16,43.15,8981.01,4996,9,17
2010-02,Germany,9124.25,253.0,8871.25,4789,110,27
2010-02,Japan,193.72,37.01,156.71,117,20,2
2010-02,Malta,1636.38,818.19,818.19,606,1,2
2010-02,Netherlands,17255.39,1308.08,15947.31,9883,401,8
2010-02,Portugal,458.83000000000004,0.0,458.83000000000004,245,0,3
2010-02,RSA,931.43,0.0,931.43,591,0,1
2010-02,Spain,554.04,89.0,465.04,279,22,4
2010-02,Sweden,8202.58,0.0,8202.58,8497,0,7
2010-02,Switzerland,477.68,0.0,477.68,306,0,1
2010-02,United Arab Emirates,2822.0,1018.0,1804.0,1723,475,4
2010-02,United Kingdom,454762.716,11260.02,443502.696,243627,3394,1093
2010-03,Australia,429.39,0.0,429.39,191,0,2
2010-03,Austria,925.13,0.0,925.13,401,0,5
2010-03,Bahrain,548.8,42.5,506.3,98,10,2
2010-03,Belgium,904.02,0.0,904.02,487,0,3
2010-03,Bermuda,1253.1399999999999,0.0,1253.1399999999999,2798,0,1
2010-03,Channel Islands,1065.12,934.66,130.46,996,1,1
2010-03,Cyprus,2879.19,25.6,2853.59,1055,8,5
2010-03,Denmark,7595.18,0.0,7595.18,64302,0,2
2010-03,EIRE,22989.46,1123.6799999999998,21865.78,14797,123,27
2010-03,France,8657.59,226.37,8431.22,4553,65,16
2010-03,Germany,16698.08,339.25,16358.83,8883,133,28
2010-03,Greece,522.73,32.45,490.28,259,11,1
2010-03,Italy,734.22,0.0,734.22,499,0,2
2010-03,Japan,110.4,110.4,0.0,48,48,1
2010-03,Netherlands,24447.98,488.36,23959.62,16662,102,15
2010-03,Norway,13916.34,19712.21,-5795.87,2,3,2
2010-03,Poland,318.86,0.0,318.86,194,0,1
2010-03,Portugal,2519.05,38.25,2480.8,1349,7,2
2010-03,Spain,1680.52,16.700000000000003,1663.82,1043,6,6
2010-03,Sweden,1691.58,57.4,1634.18,698,16,6
2010-03,Switzerland,951.62,0.0,951.62,454,0,3
2010-03,United Arab Emirates,1201.52,0.0,1201.52,1359,0,1
2010-03,United Kingdom,721530.211,44573.54,676956.671,406273,3961,1549
2010-04,Australia,630.95,0.0,630.95,560,0,2
2010-04,Austria,1388.54,0.0,1388.54,798,0,1
2010-04,Belgium,2570.39,21.25,2549.14,1445,2,4
2010-04,Channel Islands,926.82,0.0,926.82,367,0,1
2010-04,Cyprus,1151.7,15.8,1135.9,459,4,2
2010-04,Denmark,748.0,0.0,748.0,576,0,1
2010-04,EIRE,23929.48,610.63,23318.85,13793,169,19
2010-04,Finland,1255.13,0.0,1255.13,649,0,3
2010-04,France,7642.9800000000005,40.07,7602.91,4156,15,11
2010-04,Germany,23683.231,182.74,23500.490999999998,12557,94,31
2010-04,Greece,277.93,0.0,277.93,94,0,1
2010-04,Hong Kong,2236.61,0.0,2236.61,1367,0,1
2010-04,Italy,1525.85,660.86,864.9899999999999,890,1,2
2010-04,Japan,0.0,2.75,-2.75,0,1,0
2010-04,Netherlands,6888.78,0.0,6888.78,4944,0,10
2010-04,Portugal,85.53999999999999,124.24,-38.699999999999996,46,64,1
2010-04,Singapore,1252.95,0.0,1252.95,509,0,1
2010-04,Spain,833.98,58.5,775.48,490,8,2
2010-04,Sweden,17698.12,1722.68,15975.44,18648,2,16
2010-04,Switzerland,1939.76,37.0,1902.76,1201,22,2
2010-04,United Arab Emirates,0.0,16.5,-16.5,0,10,0
2010-04,United Kingdom,584609.731,33861.18,550748.551,304496,6091,1350
2010-04,Unspecified,252.51999999999998,0.0,252.51999999999998,153,0,1
2010-05,Australia,2371.15,1058.45,1312.6999999999998,667,2,6
2010-05,Austria,622.04,40.0,582.04,655,1,1
2010-05,Bahrain,585.96,0.0,585.96,352,0,2
2010-05,Belgium,98.15,13.2,84.95,38,8,1
2010-05,Channel Islands,5378.52,55.839999999999996,5322.68,2403,6,6
2010-05,Cyprus,515.61,0.0,515.61,144,0,1
2010-05,EIRE,19121.93,362.96,18758.97,9754,24,19
2010-05,Finland,837.11,19.8,817.3100000000001,370,4,1
2010-05,France,13958.15,511.65,13446.5,8941,319,16
2010-05,Germany,9108.36,405.45,8702.91,4246,190,17
2010-05,Greece,2476.22,0.0,2476.22,806,0,2
2010-05,Hong Kong,2396.61,2396.61,0.0,1,1,1
2010-05,Italy,2374.7,23.7,2351.0,1043,2,4
2010-05,Netherlands,22416.53,0.0,22416.53,14910,0,8
2010-05,Portugal,757.2,124.25,632.95,216,109,2
2010-05,Spain,2854.58,0.0,2854.58,1498,0,5
2010-05,Sweden,3556.7599999999998,0.0,3556.7599999999998,6084,0,10
2010-05,Switzerland,9825.16,15.0,9810.16,5947,12,6
2010-05,USA,416.31,0.0,416.31,413,0,2
2010-05,United Kingdom,560187.81,39509.12,520678.69,338718,15936,1390
2010-06,Australia,3214.78,25.5,3189.28,2280,3,3
2010-06,Austria,268.1,0.0,268.1,281,0,1
2010-06,Bahrain,463.28,0.0,463.28,224,0,1
2010-06,Belgium,3800.34,264.95,3535.39,1588,29,6
2010-06,Channel Islands,845.0,95.85000000000001,749.15,500,3,1
2010-06,Cyprus,489.8,0.0,489.8,100,0,1
2010-06,Denmark,2695.5099999999998,5.9,2689.61,1887,2,4
2010-06,EIRE,22934.34,371.58,22562.76,12306,83,24
2010-06,Finland,534.14,0.0,534.14,242,0,1
2010-06,France,9172.54,120.0,9052.54,5709,16,23
2010-06,Germany,15678.630000000001,432.44,15246.19,9326,93,27
2010-06,Greece,302.4,0.0,302.4,120,0,1
2010-06,Hong Kong,1685.6499999999999,0.0,1685.6499999999999,939,0,1
2010-06,Italy,267.45,0.0,267.45,134,0,2
2010-06,Japan,594.68,60.5,534.18,428,22,2
2010-06,Netherlands,24224.51,122.5,24102.01,15761,18,8
2010-06,Poland,556.16,0.0,556.16,282,0,1
2010-06,Portugal,3668.46,22.25,3646.21,1632,5,4
2010-06,Spain,2332.2,0.0,2332.2,884,0,2
2010-06,Sweden,914.3000000000001,0.0,914.3000000000001,467,0,2
2010-06,Switzerland,2362.47,211.2,2151.27,1882,96,2
2010-06,Thailand,1956.84,0.0,1956.84,2028,0,1
2010-06,USA,896.0699999999999,0.0,896.0699999999999,551,0,4
2010-06,United Kingdom,652412.49,70750.86,581661.63,349085,15124,1523
2010-07,Australia,686.12,52.5,633.62,224,6,3
2010-07,Belgium,1914.23,0.0,1914.23,1393,0,7
2010-07,Channel Islands,0.0,33.0,-33.0,0,8,0
2010-07,Denmark,591.6600000000001,0.0,591.6600000000001,164,0,1
2010-07,EIRE,35722.32,1826.8,33895.52,15415,324,28
2010-07,Finland,956.23,0.0,956.23,362,0,2
2010-07,France,11546.64,32.4,11514.24,4138,13,18
2010-07,Germany,20274.29,1689.1399999999999,18585.15,13100,59,26
2010-07,Israel,1950.98,0.0,1950.98,762,0,1
2010-07,Japan,1253.3,635.8,617.5,726,368,3
2010-07,Lithuania,1706.23,0.0,1706.23,971,0,1
2010-07,Netherlands,5534.29,0.0,5534.29,3410,0,10
2010-07,Poland,374.75,33.75,341.0,143,7,1
2010-07,Portugal,288.1,0.0,288.1,72,0,1
2010-07,Spain,1134.81,5.0,1129.81,806,4,3
2010-07,Sweden,2590.78,100.8,2489.98,2513,240,2
2010-07,Switzerland,743.99,177.23,566.76,507,28,5
2010-07,Thailand,1113.7,0.0,1113.7,524,0,1
2010-07,USA,508.1,23.85,484.25,134,3,1
2010-07,United Kingdom,559442.54,25644.58,533797.96,292280,5124,1413
2010-07,Unspecified,2379.88,1189.94,1189.94,1276,1,2
2010-08,Australia,176.0,0.0,176.0,88,0,1
2010-08,Austria,1043.15,0.0,1043.15,689,0,1
2010-08,Belgium,1713.62,0.0,1713.62,954,0,3
2010-08,Channel Islands,1363.14,0.0,1363.14,662,0,2
2010-08,Denmark,2643.03,10.0,2633.03,1520,4,3
2010-08,EIRE,26005.71,286.51,25719.2,15808,33,27
2010-08,France,16570.32,421.4,16148.92,89914,120,10
2010-08,Germany,9943.119999999999,171.05,9772.07,5264,50,24
2010-08,Greece,721.7099999999999,0.0,721.7099999999999,561,0,1
2010-08,Hong Kong,1883.65,1883.65,0.0,1,1,1
2010-08,Japan,0.0,3.25,-3.25,0,1,0
2010-08,Malta,3737.12,1868.56,1868.56,943,1,2
2010-08,Netherlands,25028.69,226.2,24802.489999999998,17667,100,10
2010-08,Nigeria,112.57000000000001,0.0,112.57000000000001,102,0,1
2010-08,Norway,152.4,152.4,0.0,508,1,1
2010-08,Poland,527.4399999999999,0.0,527.4399999999999,320,0,1
2010-08,Portugal,463.21999999999997,0.0,463.21999999999997,189,0,2
2010-08,Spain,1299.99,16.5,1283.49,675,3,5
2010-08,Sweden,2702.94,109.95,2592.99,1827,3,5
2010-08,Switzerland,2053.05,59.39999999999999,1993.65,1062,36,3
2010-08,United Arab Emirates,2047.28,0.0,2047.28,1364,0,1
2010-08,United Kingdom,596550.35,35289.7,561260.65,332907,6349,1320
2010-08,West Indies,536.41,0.0,536.41,395,0,1
2010-09,Australia,785.83,0.0,785.83,293,0,2
2010-09,Austria,1940.17,351.05,1589.12,1217,217,5
2010-09,Belgium,1190.91,0.85,1190.06,651,1,5
2010-09,Brazil,268.27,0.0,268.27,189,0,1
2010-09,Channel Islands,6156.34,885.0,5271.34,3341,300,9
2010-09,Cyprus,1020.53,0.0,1020.53,502,0,3
2010-09,Denmark,1725.25,0.0,1725.25,1307,0,3
2010-09,EIRE,36984.47,8838.42,28146.05,20120,2777,35
2010-09,Finland,864.68,0.0,864.68,763,0,2
2010-09,France,14531.33,13206.49,1324.8399999999997,6960,87225,26
2010-09,Germany,17740.18,365.24,17374.94,9257,124,32
2010-09,Greece,780.06,0.0,780.06,146,0,1
2010-09,Italy,1380.56,0.0,1380.56,1074,0,2
2010-09,Japan,1895.0,0.0,1895.0,1100,0,1
2010-09,Korea,168.69000000000003,0.0,168.69000000000003,102,0,1
2010-09,Lebanon,211.7,0.0,211.7,72,0,1
2010-09,Netherlands,45037.14,51.0,44986.14,29199,6,19
2010-09,Norway,973.69,0.0,973.69,619,0,1
2010-09,Poland,349.47,204.1,145.37,231,134,2
2010-09,Portugal,2964.58,54.400000000000006,2910.18,1795,20,6
2010-09,Singapore,2784.82,0.0,2784.82,1244,0,3
2010-09,Spain,3770.45,21.25,3749.2,2325,7,6
2010-09,Sweden,2899.56,75.19,2824.37,3526,1,4
2010-09,Switzerland,2474.44,0.0,2474.44,1356,0,4
2010-09,USA,0.0,74.2,-74.2,0,8,0
2010-09,United Arab Emirates,383.24,0.0,383.24,557,0,2
2010-09,United Kingdom,773073.501,46545.19,726528.311,496155,4488,1661
2010-09,Unspecified,1978.15,10.2,1967.95,1256,12,2
2010-10,Australia,2989.15,0.0,2989.15,1881,0,9
2010-10,Austria,1236.7,0.0,1236.7,351,0,4
2010-10,Bahrain,317.76,0.0,317.76,192,0,1
2010-10,Belgium,1475.72,0.0,1475.72,664,0,5
2010-10,Canada,834.89,0.0,834.89,671,0,1
2010-10,Channel Islands,4341.19,57.65,4283.54,1899,17,4
2010-10,Cyprus,551.33,0.0,551.33,253,0,1
2010-10,Denmark,448.6,50.4,398.2,169,120,2
2010-10,EIRE,50079.05,7253.36,42825.69,20053,61,47
2010-10,Finland,1166.69,29.3,1137.39,675,14,2
2010-10,France,15211.77,609.24,14602.53,9923,413,28
2010-10,Germany,21561.63,464.58,21097.05,11857,129,38
2010-10,Greece,3084.02,18.25,3065.77,1753,5,1
2010-10,Iceland,611.53,0.0,611.53,509,0,1
2010-10,Italy,5221.42,442.25,4779.17,2140,22,7
2010-10,Japan,1533.8899999999999,0.0,1533.8899999999999,3199,0,1
2010-10,Korea,0.0,168.69000000000003,-168.69000000000003,0,102,0
2010-10,Lebanon,0.0,39.67,-39.67,0,1,0
2010-10,Netherlands,17265.85,324.24,16941.61,17628,18,12
2010-10,Portugal,2978.23,75.45,2902.78,2224,47,5
2010-10,RSA,1435.29,0.0,1435.29,1027,0,1
2010-10,Spain,14088.5,4733.52,9354.98,6948,2232,10
2010-10,Sweden,9369.41,52.46,9316.95,7814,1,8
2010-10,Switzerland,8629.69,78.14999999999999,8551.54,4611,8,6
2010-10,USA,132.8,0.0,132.8,129,0,1
2010-10,United Arab Emirates,509.92,76.32000000000001,433.6,351,72,2
2010-10,United Kingdom,1000408.88,66916.16,933492.72,525174,8267,2104
2010-11,Australia,18245.52,37.7,18207.82,12900,18,5
2010-11,Austria,2873.3,0.0,2873.3,1261,0,5
2010-11,Belgium,5252.9800000000005,74.7,5178.28,2743,53,7
2010-11,Canada,381.77000000000004,0.0,381.77000000000004,223,0,1
2010-11,Channel Islands,2278.73,1057.3,1221.43,1111,653,3
2010-11,Cyprus,397.59999999999997,0.0,397.59999999999997,208,0,1
2010-11,Denmark,4059.96,183.60000000000002,3876.36,1753,24,3
2010-11,EIRE,31031.31,557.17,30474.14,15491,273,42
2010-11,Finland,414.98,0.0,414.98,213,0,2
2010-11,France,19618.27,120.39999999999999,19497.87,11703,21,40
2010-11,Germany,30240.51,613.6,29626.91,15679,148,43
2010-11,Greece,761.3,0.0,761.3,414,0,1
2010-11,Israel,1248.42,0.0,1248.42,370,0,1
2010-11,Italy,2673.16,110.38,2562.78,1287,47,6
2010-11,Japan,23.6,227.6,-204.0,8,56,3
2010-11,Korea,949.82,0.0,949.82,598,0,1
2010-11,Lithuania,1525.39,0.0,1525.39,683,0,1
2010-11,Netherlands,36058.74,2383.83,33674.909999999996,22102,1211,22
2010-11,Norway,4629.32,0.0,4629.32,2974,0,4
2010-11,Poland,821.14,15.0,806.14,568,12,2
2010-11,Portugal,5482.52,47.8,5434.72,2147,20,8
2010-11,RSA,1435.29,1435.29,0.0,1,1,1
2010-11,Spain,6126.21,4107.46,2018.75,2968,2234,7
2010-11,Sweden,1933.91,127.9,1806.01,782,35,5
2010-11,Switzerland,13570.73,0.0,13570.73,4599,0,6
2010-11,USA,402.59999999999997,132.8,269.8,234,129,1
2010-11,United Arab Emirates,1713.69,0.0,1713.69,465,0,2
2010-11,United Kingdom,1275581.142,36373.51,1239207.632,624597,12779,2520
2010-11,Unspecified,540.57,11.8,528.77,367,4,4
2010-12,Australia,1032.85,27.75,1005.0999999999999,467,13,3
2010-12,Austria,277.2,20.16,257.04,51,48,1
2010-12,Bahrain,205.74,0.0,205.74,54,0,1
2010-12,Belgium,1809.91,0.0,1809.91,1755,0,5
2010-12,Channel Islands,363.53,0.0,363.53,80,0,1
2010-12,Cyprus,1590.82,0.0,1590.82,917,0,1
2010-12,Denmark,1281.5,0.0,1281.5,454,0,1
2010-12,EIRE,10033.26,1003.3100000000001,9029.95,5770,399,17
2010-12,Finland,892.8,0.0,892.8,1254,0,1
2010-12,France,9616.31,40.95,9575.36,4989,11,21
2010-12,Germany,15241.14,678.3,14562.84,6877,155,30
2010-12,Iceland,711.79,0.0,711.79,319,0,1
2010-12,Israel,0.0,227.44,-227.44,0,56,0
2010-12,Italy,811.5,17.0,794.5,295,2,2
2010-12,Japan,7705.07,0.0,7705.07,4093,0,3
2010-12,Lithuania,1661.06,0.0,1661.06,652,0,4
2010-12,Netherlands,8784.48,0.0,8784.48,6811,0,3
2010-12,Norway,3787.12,0.0,3787.12,3582,0,2
2010-12,Poland,248.16,0.0,248.16,140,0,1
2010-12,Portugal,2439.9700000000003,59.85,2380.12,984,39,6
2010-12,Spain,1843.73,0.0,1843.73,867,0,4
2010-12,Sweden,3834.2999999999997,1188.0,2646.2999999999997,3954,240,2
2010-12,Switzerland,1304.92,0.0,1304.92,714,0,2
2010-12,United Kingdom,748268.98,71526.36,676742.62,314160,15079,1447
2011-01,Australia,9017.710000000001,0.0,9017.710000000001,5644,0,9
2011-01,Bahrain,0.0,205.74,-205.74,0,54,0
2011-01,Belgium,1200.2,46.14999999999999,1154.05,792,9,3
2011-01,Channel Islands,675.58,30.5,645.08,259,4,1
2011-01,Cyprus,547.5,0.0,547.5,144,0,1
2011-01,EIRE,21904.19,247.67000000000002,21656.52,8794,106,7
2011-01,Finland,889.02,0.0,889.02,765,0,2
2011-01,France,17740.12,237.04999999999998,17503.07,9199,44,29
2011-01,Germany,16910.84,459.40999999999997,16451.43,9077,171,31
2011-01,Greece,2661.24,0.0,2661.24,526,0,1
2011-01,Hong Kong,2439.76,0.0,2439.76,1121,0,1
2011-01,Iceland,475.39,0.0,475.39,315,0,1
2011-01,Israel,379.84000000000003,0.0,379.84000000000003,100,0,1
2011-01,Italy,2402.51,41.15,2361.36,1121,25,3
2011-01,Japan,0.0,109.8,-109.8,0,45,0
2011-01,Lebanon,1693.88,0.0,1693.88,386,0,1
2011-01,Netherlands,26611.16,0.0,26611.16,20417,0,5
2011-01,Poland,613.22,0.0,613.22,288,0,1
2011-01,Portugal,4055.71,57.6,3998.11,2094,16,4
2011-01,Singapore,2053.07,0.0,2053.07,1091,0,1
2011-01,Spain,10086.09,2907.55,7178.540000000001,3845,8,8
2011-01,Sweden,3486.32,40.0,3446.32,3097,1,2
2011-01,Switzerland,4231.23,0.0,4231.23,2993,0,3
2011-01,United Kingdom,561289.98,126981.68000000001,434308.3,315717,79362,971
2011-02,Australia,14695.42,67.95,14627.47,8680,21,5
2011-02,Austria,518.36,0.0,518.36,342,0,2
2011-02,Belgium,2181.07,19.75,2161.32,1102,5,8
2011-02,Channel Islands,1784.71,0.0,1784.71,935,0,1
2011-02,Cyprus,4334.24,320.69,4013.55,2191,1,6
2011-02,Czech Republic,549.26,0.0,549.26,346,0,1
2011-02,Denmark,399.22,0.0,399.22,224,0,1
2011-02,EIRE,12248.74,2574.6,9674.14,6004,676,13
2011-02,Finland,205.16,0.0,205.16,141,0,1
2011-02,France,8515.96,77.05,8438.91,5340,39,21
2011-02,Germany,9581.05,611.81,8969.24,4245,162,19
2011-02,Israel,779.1,0.0,779.1,286,0,1
2011-02,Italy,256.0,4.5,251.5,111,1,1
2011-02,Japan,5780.8099999999995,0.0,5780.8099999999995,2999,0,2
2011-02,Netherlands,23011.91,79.8,22932.11,16387,27,5
2011-02,Norway,630.9,0.0,630.9,295,0,2
2011-02,Poland,604.05,0.0,604.05,297,0,2
2011-02,Portugal,1213.9,0.0,1213.9,558,0,2
2011-02,Saudi Arabia,145.92,0.0,145.92,80,0,1
2011-02,Spain,2114.5,20.8,2093.7,870,4,4
2011-02,Sweden,509.5,0.0,509.5,250,0,1
2011-02,Switzerland,2654.92,12.25,2642.67,1107,2,5
2011-02,United Arab Emirates,889.24,0.0,889.24,496,0,1
2011-02,United Kingdom,430027.95,21780.04,408247.91,230269,1933,995
2011-03,Australia,17223.99,168.7,17055.29,10439,110,3
2011-03,Austria,1708.12,0.0,1708.12,982,0,2
2011-03,Belgium,3351.98,18.4,3333.58,1783,7,9
2011-03,Canada,140.54,0.0,140.54,88,0,1
2011-03,Channel Islands,3509.33,0.0,3509.33,2104,0,3
2011-03,Cyprus,938.39,0.0,938.39,1005,0,1
2011-03,Denmark,3978.9900000000002,0.0,3978.9900000000002,879,0,1
2011-03,EIRE,22197.51,3414.28,18783.23,9580,18,23
2011-03,Finland,5936.82,12.2,5924.62,2536,2,5
2011-03,France,14589.55,72.64999999999999,14516.9,8690,51,25
2011-03,Germany,14392.69,222.67000000000002,14170.02,7739,64,32
2011-03,Greece,387.31,0.0,387.31,289,0,1
2011-03,Hong Kong,2583.76,2583.76,0.0,1,1,1
2011-03,Italy,1806.81,27.9,1778.91,688,3,4
2011-03,Japan,48.9,122.56,-73.66,21,20,3
2011-03,Netherlands,22416.489999999998,0.0,22416.489999999998,14828,0,8
2011-03,Norway,1265.31,960.63,304.67999999999995,156,66,4
2011-03,Poland,317.78,14.39,303.39,162,9,1
2011-03,Portugal,2660.85,0.0,2660.85,1626,0,5
2011-03,Saudi Arabia,0.0,14.75,-14.75,0,5,0
2011-03,Spain,5363.15,36.5,5326.65,2545,5,8
2011-03,Sweden,4720.58,180.0,4540.58,5407,144,3
2011-03,Switzerland,1870.23,0.0,1870.23,986,0,3
2011-03,United Kingdom,586230.28,26522.89,559707.39,304992,4890,1308
2011-04,Australia,771.6,438.2,333.40000000000003,225,108,2
2011-04,Austria,680.78,0.0,680.78,311,0,2
2011-04,Belgium,1989.48,35.33,1954.15,1183,10,6
2011-04,Brazil,1143.6,0.0,1143.6,356,0,1
2011-04,Channel Islands,293.0,0.0,293.0,97,0,1
2011-04,Cyprus,0.0,35.8,-35.8,0,4,0
2011-04,Czech Republic,0.0,57.51,-57.51,0,39,0
2011-04,EIRE,7570.5,0.0,7570.5,4135,0,11
2011-04,European Community,191.4,0.0,191.4,34,0,1
2011-04,Finland,1688.92,62.11,1626.81,818,30,4
2011-04,France,5529.61,1334.4,4195.21,2287,71,14
2011-04,Germany,12315.54,352.17,11963.37,5764,72,23
2011-04,Greece,609.74,0.0,609.74,262,0,1
2011-04,Hong Kong,1539.64,0.0,1539.64,732,0,1
2011-04,Iceland,636.25,0.0,636.25,483,0,1
2011-04,Israel,110.0,0.0,110.0,30,0,1
2011-04,Italy,737.8299999999999,0.0,737.8299999999999,653,0,2
2011-04,Japan,6548.5,1676.6699999999998,4871.83,8058,657,2
2011-04,Netherlands,2976.56,0.0,2976.56,1768,0,3
2011-04,Poland,705.8399999999999,0.0,705.8399999999999,432,0,1
2011-04,Portugal,1687.75,0.0,1687.75,951,0,2
2011-04,Singapore,8209.58,6090.84,2118.74,1389,5,3
2011-04,Spain,1785.65,0.0,1785.65,953,0,3
2011-04,Sweden,809.1,0.0,809.1,310,0,2
2011-04,Switzerland,2076.94,254.75,1822.19,886,109,4
2011-04,USA,383.95,0.0,383.95,137,0,1
2011-04,United Kingdom,476517.761,34263.72,442254.041,276279,12540,1153
2011-04,Unspecified,299.1,0.0,299.1,282,0,1
2011-05,Australia,13638.41,9.899999999999999,13628.51,8999,6,4
2011-05,Austria,1249.43,0.0,1249.43,476,0,2
2011-05,Bahrain,548.4,0.0,548.4,260,0,2
2011-05,Belgium,2732.4,5.4,2727.0,1829,4,9
2011-05,Canada,534.24,0.0,534.24,504,0,1
2011-05,Channel Islands,1207.24,303.45,903.79,224,3,2
2011-05,Denmark,515.7,0.0,515.7,368,0,1
2011-05,EIRE,18008.760000000002,87.41,17921.35,8028,26,22
2011-05,France,17614.88,87.8,17527.079999999998,9788,8,39
2011-05,Germany,25751.2,179.85,25571.35,12997,46,42
2011-05,Hong Kong,1966.16,0.0,1966.16,1262,0,1
2011-05,Italy,587.45,0.0,587.45,267,0,1
2011-05,Japan,1351.45,0.0,1351.45,743,0,1
2011-05,Netherlands,29185.88,0.0,29185.88,19936,0,11
2011-05,Poland,1522.37,0.0,1522.37,616,0,3
2011-05,Portugal,4202.2300000000005,3614.4,587.8299999999999,315,5,5
2011-05,Spain,3257.6,0.0,3257.6,1468,0,4
2011-05,Sweden,2681.98,17.0,2664.98,2833,4,3
2011-05,Switzerland,3610.0099999999998,42.8,3567.21,2249,4,3
2011-05,United Kingdom,639314.36,42854.5,596459.86,321773,5762,1523
2011-05,Unspecified,1055.8700000000001,0.0,1055.8700000000001,803,0,2
2011-06,Australia,25187.77,23.0,25164.77,15981,8,4
2011-06,Austria,0.0,24.2,-24.2,0,6,0
2011-06,Belgium,4274.82,1.65,4273.17,2245,1,11
2011-06,Canada,1171.46,0.0,1171.46,1092,0,1
2011-06,Channel Islands,2060.0299999999997,0.0,2060.0299999999997,836,0,1
2011-06,Cyprus,1109.32,0.0,1109.32,356,0,1
2011-06,Denmark,3261.15,0.0,3261.15,1544,0,3
2011-06,EIRE,24863.61,4803.36,20060.25,12905,571,28
2011-06,European Community,432.05,8.5,423.55,130,2,2
2011-06,Finland,329.56,0.0,329.56,157,0,1
2011-06,France,16348.41,356.54,15991.87,9705,264,31
2011-06,Germany,13274.1,193.08,13081.02,7470,122,24
2011-06,Hong Kong,633.96,0.0,633.96,537,0,1
2011-06,Iceland,382.52,0.0,382.52,196,0,1
2011-06,Italy,202.07,39.8,162.27,55,4,2
2011-06,Japan,1607.04,0.0,1607.04,2256,0,1
2011-06,Malta,863.16,12.75,850.41,402,3,2
2011-06,Netherlands,26858.09,15.0,26843.09,19744,12,11
2011-06,Norway,5886.860000000001,0.0,5886.860000000001,2009,0,4
2011-06,Poland,343.65000000000003,78.91,264.74,81,11,2
2011-06,Portugal,884.46,4.95,879.51,421,1,3
2011-06,Spain,3333.21,0.77,3332.44,1538,1,8
2011-06,Sweden,832.0,0.0,832.0,404,0,3
2011-06,Switzerland,7904.15,21.95,7882.2,3970,5,4
2011-06,United Kingdom,619510.67,65032.32,554478.35,305101,6351,1383
2011-06,Unspecified,185.78,0.0,185.78,78,0,1
2011-07,Australia,4964.38,196.81,4767.57,5318,133,7
2011-07,Austria,1191.95,0.0,1191.95,573,0,2
2011-07,Belgium,2475.57,1.95,2473.62,1679,1,5
2011-07,Canada,1768.58,0.0,1768.58,1027,0,2
2011-07,Denmark,376.24,0.0,376.24,241,0,1
2011-07,EIRE,42789.85,49.2,42740.65,22111,12,27
2011-07,European Community,676.8,0.0,676.8,335,0,1
2011-07,Finland,2996.73,0.0,2996.73,1273,0,3
2011-07,France,10000.19,111.19999999999999,9888.99,5664,8,22
2011-07,Germany,16440.98,719.32,15721.66,9096,105,33
2011-07,Greece,421.24,50.0,371.24,244,1,1
2011-07,Israel,1430.75,0.0,1430.75,633,0,1
2011-07,Italy,147.1,0.0,147.1,22,0,1
2011-07,Japan,3854.4,0.0,3854.4,2328,0,2
2011-07,Netherlands,26.02,0.0,26.02,10,0,1
2011-07,Norway,890.0699999999999,0.0,890.0699999999999,586,0,1
2011-07,Poland,687.3,8.850000000000001,678.45,288,3,2
2011-07,Portugal,2287.85,0.0,2287.85,1436,0,3
2011-07,Singapore,3949.32,0.0,3949.32,2160,0,1
2011-07,Spain,7624.92,46.75,7578.17,3438,11,9
2011-07,Sweden,6802.09,0.0,6802.09,6006,0,3
2011-07,Switzerland,3998.61,222.0,3776.61,1828,123,6
2011-07,United Kingdom,601994.841,36515.0,565479.841,334410,5631,1337
2011-07,Unspecified,1425.41,0.0,1425.41,1053,0,4
2011-08,Australia,22489.2,0.0,22489.2,12570,0,2
2011-08,Austria,1516.08,0.0,1516.08,790,0,2
2011-08,Belgium,3554.02,17.9,3536.12,2069,8,9
2011-08,Canada,51.559999999999995,0.0,51.559999999999995,52,0,1
2011-08,Channel Islands,4896.78,4.25,4892.53,2009,1,5
2011-08,Denmark,213.15,134.55,78.6,338,9,1
2011-08,EIRE,18353.75,6196.28,12157.47,10077,2420,19
2011-08,Finland,1376.5,4.95,1371.55,693,1,3
2011-08,France,13810.96,21.7,13789.26,7958,10,28
2011-08,Germany,19220.77,197.12,19023.65,9641,81,39
2011-08,Hong Kong,2813.9500000000003,0.0,2813.9500000000003,736,0,2
2011-08,Iceland,584.9100000000001,0.0,584.9100000000001,277,0,1
2011-08,Israel,4873.8099999999995,0.0,4873.8099999999995,3028,0,1
2011-08,Italy,1990.95,56.15,1934.8,1147,19,4
2011-08,Japan,0.0,49.79,-49.79,0,27,0
2011-08,Malta,1119.0,15.75,1103.25,382,5,2
2011-08,Netherlands,40327.81,672.0,39655.81,29300,769,7
2011-08,Norway,2025.81,41.35,1984.46,636,25,2
2011-08,Poland,401.8,0.0,401.8,186,0,2
2011-08,Portugal,1221.4,15.0,1206.4,1026,12,1
2011-08,Spain,3346.91,16.5,3330.41,1600,2,10
2011-08,Sweden,1400.8600000000001,9.899999999999999,1390.96,1314,6,5
2011-08,Switzerland,4969.89,87.7,4882.19,2998,38,3
2011-08,United Kingdom,608047.48,46792.86,561254.62,332758,8913,1210
2011-08,Unspecified,531.03,0.0,531.03,185,0,2
2011-09,Australia,5106.7300000000005,75.0,5031.7300000000005,4079,36,8
2011-09,Belgium,4208.02,10.2,4197.82,1969,12,7
2011-09,Channel Islands,1323.75,2.1,1321.65,764,1,2
2011-09,Cyprus,196.35,0.0,196.35,33,0,1
2011-09,Denmark,4570.16,0.0,4570.16,1608,0,3
2011-09,EIRE,43086.55,447.5,42639.05,23086,171,38
2011-09,Finland,1105.45,0.0,1105.45,515,0,4
2011-09,France,23428.04,229.17,23198.87,13002,90,45
2011-09,Germany,18091.22,370.90999999999997,17720.31,11156,128,41
2011-09,Hong Kong,2653.95,2653.95,0.0,1,1,1
2011-09,Israel,423.73,0.0,423.73,233,0,1
2011-09,Italy,279.8,0.0,279.8,48,0,1
2011-09,Japan,112.07999999999998,0.0,112.07999999999998,144,0,1
2011-09,Netherlands,26937.26,0.0,26937.26,17309,0,7
2011-09,Norway,8678.94,0.0,8678.94,4655,0,6
2011-09,Poland,529.25,0.0,529.25,253,0,2
2011-09,Portugal,1433.22,0.0,1433.22,899,0,3
2011-09,Spain,5189.24,25.5,5163.74,2683,2,8
2011-09,Sweden,4575.21,0.0,4575.21,4344,0,3
2011-09,Switzerland,8284.86,29.9,8254.96,4255,12,7
2011-09,United Arab Emirates,1013.04,0.0,1013.04,486,0,2
2011-09,United Kingdom,897076.472,35058.32,862018.152,479040,6976,1645
2011-09,Unspecified,286.85,0.0,286.85,258,0,1
2011-10,Australia,17150.53,0.0,17150.53,7401,0,4
2011-10,Austria,1043.78,0.0,1043.78,491,0,1
2011-10,Belgium,5685.38,34.0,5651.38,3170,14,11
2011-10,Channel Islands,2623.32,0.0,2623.32,1407,0,5
2011-10,Cyprus,4412.87,196.35,4216.52,1415,33,4
2011-10,Czech Republic,277.48,0.0,277.48,325,0,1
2011-10,Denmark,1490.76,52.65,1438.11,869,38,3
2011-10,EIRE,24317.920000000002,1010.3,23307.62,15904,308,31
2011-10,Finland,2822.12,18.0,2804.12,1115,1,6
2011-10,France,33485.45,8453.410000000002,25032.04,13807,70,35
2011-10,Germany,31638.42,1024.1499999999999,30614.27,17740,104,58
2011-10,Hong Kong,734.52,10.95,723.57,382,1,2
2011-10,Iceland,1294.32,0.0,1294.32,676,0,1
2011-10,Israel,138.03,0.0,138.03,99,0,2
2011-10,Italy,3489.69,78.9,3410.79,1597,15,7
2011-10,Japan,1948.0400000000002,0.0,1948.0400000000002,1124,0,2
2011-10,Netherlands,40708.65,0.0,40708.65,27230,0,15
2011-10,Norway,3687.23,0.0,3687.23,1692,0,7
2011-10,Portugal,6206.67,622.04,5584.63,3286,2,10
2011-10,RSA,1002.3100000000001,0.0,1002.3100000000001,351,0,1
2011-10,Singapore,7067.32,6068.0599999999995,999.2600000000002,601,2,2
2011-10,Spain,8636.94,3558.29,5078.65,4352,1023,8
2011-10,Sweden,5766.16,0.0,5766.16,6151,0,3
2011-10,Switzerland,8065.18,31.200000000000003,8033.9800000000005,4866,10,8
2011-10,USA,2311.2,1579.51,731.6899999999999,1717,1228,2
2011-10,United Kingdom,938975.01,61536.82,877438.19,505633,21692,1811
2011-11,Australia,7242.72,436.73,6805.99,4098,121,6
2011-11,Austria,1329.78,0.0,1329.78,717,0,2
2011-11,Belgium,6315.76,86.35,6229.41,2560,10,11
2011-11,Channel Islands,1514.77,19.599999999999998,1495.17,716,2,3
2011-11,Cyprus,460.89,0.0,460.89,300,0,1
2011-11,Czech Republic,0.0,61.51,-61.51,0,40,0
2011-11,Denmark,2699.57,0.0,2699.57,1537,0,2
2011-11,EIRE,30738.43,325.38,30413.05,16657,100,42
2011-11,Finland,3070.24,120.0,2950.24,1087,3,8
2011-11,France,31758.71,1061.2,30697.51,17889,804,64
2011-11,Germany,28025.02,1980.67,26044.35,13453,532,68
2011-11,Hong Kong,326.1,326.1,0.0,1,1,1
2011-11,Italy,4571.08,327.33,4243.75,2063,44,9
2011-11,Japan,8460.08,0.0,8460.08,4250,0,2
2011-11,Malta,743.43,160.81,582.62,186,10,1
2011-11,Netherlands,25874.01,18.0,25856.01,18663,1,15
2011-11,Norway,6527.5,0.0,6527.5,3406,0,5
2011-11,Poland,1361.23,19.36,1341.8700000000001,941,8,2
2011-11,Portugal,2644.9,0.0,2644.9,1093,0,10
2011-11,Spain,8678.96,145.09,8533.87,3507,53,14
2011-11,Sweden,2722.23,109.52,2612.71,1973,11,5
2011-11,Switzerland,8118.96,2.0,8116.96,3777,2,6
2011-11,United Kingdom,1325346.21,42540.43,1282805.78,654992,10879,2490
2011-11,Unspecified,965.75,0.0,965.75,641,0,2
2011-12,Austria,683.2,0.0,683.2,148,0,1
2011-12,Belgium,1417.73,8.3,1409.43,1101,4,4
2011-12,Channel Islands,198.4,4.25,194.15,60,1,1
2011-12,Cyprus,0.0,91.25,-91.25,0,6,0
2011-12,Denmark,168.9,0.0,168.9,173,0,1
2011-12,EIRE,7340.89,17.85,7323.04,4122,3,10
2011-12,Finland,1232.76,2.08,1230.68,350,1,3
2011-12,France,7294.92,228.09,7066.83,3786,154,18
2011-12,Germany,7984.17,179.47,7804.7,4006,73,17
2011-12,Greece,680.99,0.0,680.99,236,0,1
2011-12,Iceland,224.82,0.0,224.82,192,0,1
2011-12,Italy,200.45000000000002,0.0,200.45000000000002,45,0,1
2011-12,Japan,0.0,116.92999999999999,-116.92999999999999,0,49,0
2011-12,Malta,0.0,30.81,-30.81,0,8,0
2011-12,Netherlands,11728.02,0.0,11728.02,7958,0,3
2011-12,Norway,2785.7000000000003,0.0,2785.7000000000003,2319,0,3
2011-12,Portugal,2808.19,6.24,2801.95,1569,3,4
2011-12,Spain,316.21,44.78,271.43,274,18,2
2011-12,Sweden,238.0,238.0,0.0,40,40,1
2011-12,USA,885.24,269.96,615.28,604,196,2
2011-12,United Kingdom,592622.09,203886.66,388735.43,287266,83025,746
