Month,GrossSales,ReturnValue,NetSales,PurchasedUnits,ReturnedUnits,Orders
2009-12,825685.76,25838.65,799847.11,426981,10018,1682
2010-01,652708.502,28675.61,624032.892,391525,3880,1105
2010-02,553339.736,20995.45,532344.286,382781,6954,1201
2010-03,833570.131,67721.37,765848.761,527401,4494,1681
2010-04,681528.992,37354.2,644174.792,368198,6483,1462
2010-05,659858.86,44536.03,615322.83,397206,16614,1500
2010-06,752270.14,72483.53,679786.61,408636,15494,1645
2010-07,650712.94,31444.79,619268.15,338920,6185,1529
2010-08,697274.91,40498.57,656776.34,473420,6702,1425
2010-09,924333.0109999999,70682.58,853650.431,585357,95320,1839
2010-10,1165483.91,81389.69,1084094.22,622095,11529,2301
2010-11,1470272.482,47617.84,1422654.642,728449,17718,2747
2010-12,823746.14,74789.12,748957.02,359239,16042,1559
2011-01,691364.56,131364.30000000002,560000.26,387785,79845,1086
2011-02,523631.89,25569.24,498062.65,283555,2871,1100
2011-03,717639.36,34372.28,683267.08,377526,5395,1454
2011-04,537808.621,44601.5,493207.121,308815,13645,1246
2011-05,770536.02,47202.51,723333.51,395738,5868,1681
2011-06,761739.9,70616.78,691123.12,389213,7362,1533
2011-07,719221.191,37921.08,681300.111,401759,6028,1475
2011-08,759138.38,54333.75,704804.63,421770,12346,1361
2011-09,1058590.172,38902.55,1019687.622,570820,7429,1837
2011-10,1154979.3,84274.63,1070704.67,623401,24541,2040
2011-11,1509496.33,47740.08,1461756.25,754507,12621,2769
2011-12,638810.68,205124.67,433686.01,314249,83581,819
