Country,GrossSales,ReturnValue,NetSales,PurchasedUnits,ReturnedUnits,Orders,IdentifiedCustomers
United Kingdom,17465896.337,1269365.68,16196530.657,9221072,356326,36535,5350
EIRE,659149.0,48904.73,610244.27,336564,9221,626,5
Netherlands,554039.74,5707.39,548332.35,383880,2666,228,22
Germany,425578.381,13060.55,412517.831,225368,3357,789,107
France,350654.18,28725.65,321928.53,272098,90331,622,95
Australia,169350.96,2839.04,166511.92,103769,692,95,15
Switzerland,100707.89,1282.53,99425.36,52774,507,93,22
Spain,108383.81,17319.05,91064.76,50329,5651,154,41
Sweden,91903.72,4094.3,87809.42,88650,775,105,19
Denmark,68580.69,4121.099999999999,64459.590000000004,237471,2707,43,12
Belgium,65407.32,2178.9300000000003,63228.39,34774,180,149,29
Portugal,56352.13,4879.85,51472.28,27749,351,95,24
Channel Islands,44633.23,3543.15,41090.08,21402,1009,55,13
Japan,43023.909999999996,3361.81,39662.1,31643,1505,33,10
Norway,56322.5,20866.59,35455.91,23621,95,45,13
Italy,32122.62,1854.07,30268.55,15337,190,65,17
Finland,29925.54,411.09000000000003,29514.45,14375,58,57,14
Cyprus,24980.13,817.39,24162.74,10986,298,37,11
Austria,23613.010000000002,435.41,23177.6,11578,272,45,13
Greece,19096.19,100.7,18995.49,7724,17,18,5
Hong Kong,23894.32,9855.02,14039.3,7081,6,15,0
Singapore,25317.06,12158.9,13158.16,6994,7,11,1
Israel,11334.66,227.44,11107.22,5541,56,10,4
Poland,10654.29,374.36,10279.93,5688,184,28,6
United Arab Emirates,11097.63,1148.98,9948.65,7321,593,16,4
Unspecified,10936.01,1248.69,9687.32,6734,18,24,6
USA,8366.86,2080.32,6286.54,5264,1564,20,9
Malta,8099.09,2906.87,5192.22,2519,28,9,2
Iceland,4921.53,0.0,4921.53,2967,0,8,1
Lithuania,4892.68,0.0,4892.68,2306,0,6,1
Canada,4883.04,0.0,4883.04,3657,0,8,5
RSA,4804.32,1435.29,3369.03,1970,1,4,2
Thailand,3070.54,0.0,3070.54,2552,0,2,1
Bahrain,3109.79,248.24,2861.55,1339,64,10,2
Lebanon,1905.58,39.67,1865.91,458,1,2,1
Brazil,1411.87,0.0,1411.87,545,0,2,2
European Community,1300.25,8.5,1291.75,499,2,4,1
Bermuda,1253.1399999999999,0.0,1253.1399999999999,2798,0,1,0
Korea,1118.51,168.69000000000003,949.82,700,102,2,2
Czech Republic,826.74,119.02,707.72,671,79,2,1
West Indies,536.41,0.0,536.41,395,0,1,1
Saudi Arabia,145.92,14.75,131.17,80,5,1,1
Nigeria,140.39000000000001,147.05,-6.659999999999996,103,47,2,1
